countryiso3code,country.id,country.value,value 2010,value 2011,value 2012,value 2013,value 2014,value 2015,value 2016,value 2017,value 2018,value 2019,value 2020
,XD,High income,79.9624054606882,80.1683525810044,80.3416051797462,80.5097889574131,80.6770662380881,80.8496521303483,81.0242228525867,81.201898238633,81.3817942677298,81.571543341552,81.7553882986929
,XM,Low income,30.0635845642637,30.3359512402601,30.5796161061966,30.8275841342753,31.0944454590203,31.4385367070626,31.8016033447915,32.1827512605869,32.5842249292872,33.0070672194324,33.4508610838983
,XN,Lower middle income,37.7947045925278,38.2334186367083,38.6762806638527,39.1250709235042,39.5796134834251,40.0410970236895,40.5074667658816,40.9799429645949,41.4601417025795,41.9479881410446,42.4431319430444
,XT,Upper middle income,59.0022887744386,59.9177286100877,60.80947113998,61.6937897140331,62.573152065976,63.4434570803909,64.3059297565337,65.1570907652577,65.9899781033965,66.80135992955,67.5887002309829
,XY,Not classified,,,,,,,,,,,
ABW,AW,Aruba,43.059,42.94,42.957,42.99,43.041,43.108,43.192,43.293,43.411,43.546,43.697
AFE,ZH,Africa Eastern and Southern,32.1934098004161,32.6415481084515,33.0716871573659,33.5075479703347,33.9524243585602,34.4050839061798,34.8651009391134,35.332372600656,35.8077701192774,36.2913220679034,36.7833061490919
AFG,AF,Afghanistan,23.737,23.948,24.16,24.373,24.587,24.803,25.02,25.25,25.495,25.754,26.026
AFW,ZI,Africa Western and Central,41.6258794507234,42.2646633923943,42.9010354250733,43.5307043161389,44.1571309612333,44.7813730017585,45.4018091116082,46.0193335426773,46.6331382779992,47.2428528783001,47.8486254352506
AGO,AO,Angola,59.783,60.528,61.268,62.002,62.731,63.446,64.149,64.839,65.514,66.177,66.825
ALB,AL,Albania,52.163,53.247,54.33,55.387,56.423,57.434,58.421,59.383,60.319,61.229,62.112
AND,AD,Andorra,88.819,88.726,88.631,88.537,88.441,88.345,88.248,88.15,88.062,87.984,87.916
ARB,1A,Arab World,56.4408805184074,56.7918957290399,57.0983962735312,57.4007340495261,57.6923254732887,58.0314661463348,58.3456269803009,58.6423223529406,58.9265950528938,59.2016459579233,59.4717656085526
ARE,AE,United Arab Emirates,84.087,84.423,84.749,85.066,85.375,85.674,85.965,86.248,86.522,86.789,87.048
ARG,AR,Argentina,90.849,90.99,91.121,91.249,91.377,91.503,91.627,91.749,91.87,91.991,92.111
ARM,AM,Armenia,63.44,63.34,63.24,63.164,63.112,63.085,63.082,63.103,63.149,63.219,63.313
ASM,AS,American Samoa,87.594,87.502,87.42,87.348,87.288,87.238,87.198,87.17,87.153,87.147,87.153
ATG,AG,Antigua and Barbuda,26.238,25.703,25.526,25.35,25.175,25.0,24.846,24.713,24.599,24.506,24.433
AUS,AU,Australia,85.182,85.3,85.402,85.502,85.602,85.701,85.8,85.904,86.012,86.124,86.241
AUT,AT,Austria,57.399,57.115,57.147,57.336,57.526,57.715,57.905,58.094,58.297,58.515,58.748
AZE,AZ,Azerbaijan,53.406,53.637,53.883,54.145,54.422,54.714,55.021,55.343,55.68,56.031,56.397
BDI,BI,Burundi,10.642,10.915,11.194,11.482,11.776,12.078,12.388,12.706,13.032,13.366,13.708
BEL,BE,Belgium,97.651,97.698,97.744,97.789,97.833,97.876,97.919,97.961,98.001,98.041,98.079
BEN,BJ,Benin,43.093,43.608,44.125,44.642,45.166,45.695,46.229,46.768,47.312,47.861,48.415
BFA,BF,Burkina Faso,24.633,25.196,25.767,26.346,26.934,27.53,28.134,28.743,29.358,29.98,30.607
BGD,BD,Bangladesh,30.462,31.225,31.993,32.762,33.535,34.308,35.083,35.858,36.632,37.405,38.177
BGR,BG,Bulgaria,72.302,72.638,72.975,73.313,73.651,73.99,74.329,74.669,75.008,75.347,75.686
BHR,BH,Bahrain,88.634,88.695,88.762,88.835,88.915,88.999,89.09,89.186,89.287,89.394,89.506
BHS,BS,"Bahamas, The",82.427,82.476,82.532,82.596,82.668,82.746,82.832,82.925,83.025,83.132,83.245
BIH,BA,Bosnia and Herzegovina,45.558,45.878,46.199,46.519,46.84,47.173,47.518,47.876,48.245,48.626,49.02
BLR,BY,Belarus,74.672,75.188,75.697,76.199,76.693,77.181,77.661,78.134,78.595,79.044,79.483
BLZ,BZ,Belize,45.228,45.228,45.246,45.282,45.335,45.406,45.495,45.601,45.724,45.866,46.025
BMU,BM,Bermuda,100.0,100.0,100.0,100.0,100.0,100.0,100.0,100.0,100.0,100.0,100.0
BOL,BO,Bolivia,66.43,66.874,67.315,67.699,68.047,68.393,68.738,69.08,69.425,69.773,70.123
BRA,BR,Brazil,84.335,84.631,84.923,85.209,85.492,85.77,86.042,86.309,86.569,86.824,87.073
BRB,BB,Barbados,31.87,31.7,31.553,31.429,31.328,31.249,31.193,31.159,31.147,31.158,31.191
BRN,BN,Brunei Darussalam,74.961,75.31,75.656,75.997,76.332,76.663,76.99,77.312,77.629,77.942,78.25
BTN,BT,Bhutan,34.793,35.585,36.371,37.149,37.918,38.678,39.428,40.167,40.895,41.612,42.316
BWA,BW,Botswana,62.412,63.865,64.768,65.572,66.368,67.155,67.933,68.7,69.446,70.172,70.877
CAF,CF,Central African Republic,38.904,39.135,39.388,39.663,39.959,40.277,40.618,40.98,41.364,41.77,42.198
CAN,CA,Canada,80.937,81.096,81.137,81.178,81.218,81.259,81.3,81.35,81.411,81.482,81.562
CEB,B8,Central Europe and the Baltics,62.0260650244197,62.0639344852313,62.0817769738868,62.0968137366794,62.1136451427738,62.1406724582082,62.1844843229932,62.2484547292635,62.3336666035846,62.4381392131022,62.5580321482346
CHE,CH,Switzerland,73.607,73.631,73.653,73.674,73.696,73.718,73.739,73.761,73.797,73.849,73.915
CHI,JG,Channel Islands,31.054,31.091,31.059,31.027,30.995,30.962,30.93,30.914,30.914,30.931,30.963
CHL,CL,Chile,87.074,87.132,87.189,87.246,87.303,87.36,87.422,87.49,87.564,87.643,87.727
CHN,CN,China,49.226,50.511,51.765,53.013,54.259,55.5,56.736,57.96,59.152,60.308,61.428
CIV,CI,Cote d'Ivoire,47.33,47.751,48.172,48.593,49.014,49.444,49.881,50.326,50.779,51.239,51.706
CMR,CM,Cameroon,51.559,52.164,52.769,53.373,53.976,54.578,55.179,55.777,56.374,56.968,57.56
COD,CD,"Congo, Dem. Rep.",40.013,40.544,41.082,41.627,42.18,42.74,43.307,43.88,44.46,45.046,45.638
COG,CG,"Congo, Rep.",63.256,63.712,64.169,64.627,65.085,65.543,66.001,66.459,66.916,67.373,67.829
COL,CO,Colombia,77.964,78.335,78.701,79.061,79.415,79.764,80.108,80.446,80.778,81.104,81.425
COM,KM,Comoros,27.973,28.04,28.123,28.223,28.338,28.47,28.619,28.784,28.965,29.164,29.38
CPV,CV,Cabo Verde,61.821,62.322,62.821,63.317,63.81,64.3,64.784,65.261,65.732,66.195,66.652
CRI,CR,Costa Rica,71.736,72.868,73.946,74.97,75.941,76.862,77.735,78.56,79.34,80.076,80.771
CSS,S3,Caribbean small states,50.4340222209539,50.4563246671671,50.5180015199416,50.5913942953527,50.6801049848727,50.7845671998424,50.906347090985,51.0446232585678,51.199349902547,51.3699794608823,51.5564381985332
CUB,CU,Cuba,76.597,76.689,76.781,76.827,76.861,76.896,76.93,76.977,77.037,77.109,77.194
CUW,CW,Curacao,89.905,89.775,89.654,89.544,89.443,89.352,89.272,89.203,89.145,89.098,89.062
CYM,KY,Cayman Islands,100.0,100.0,100.0,100.0,100.0,100.0,100.0,100.0,100.0,100.0,100.0
CYP,CY,Cyprus,67.551,67.406,67.261,67.137,67.031,66.946,66.881,66.836,66.81,66.805,66.821
CZE,CZ,Czech Republic,73.255,73.185,73.197,73.29,73.384,73.477,73.57,73.675,73.792,73.921,74.061
DEU,DE,Germany,76.966,77.16,77.17,77.18,77.19,77.2,77.224,77.261,77.312,77.376,77.453
DJI,DJ,Djibouti,76.999,77.064,77.138,77.222,77.314,77.417,77.528,77.648,77.777,77.915,78.062
DMA,DM,Dominica,68.094,68.389,68.685,68.982,69.28,69.579,69.88,70.181,70.483,70.786,71.09
DNK,DK,Denmark,86.795,86.957,87.142,87.292,87.41,87.526,87.642,87.757,87.874,87.994,88.116
DOM,DO,Dominican Republic,73.753,74.827,75.802,76.749,77.67,78.566,79.436,80.277,81.074,81.828,82.54
DZA,DZ,Algeria,67.54,68.236,68.915,69.576,70.221,70.848,71.459,72.052,72.629,73.189,73.733
EAP,4E,East Asia & Pacific (excluding high income),47.6201159051459,48.661478854729,49.6749892450108,50.6816528424204,51.6855616014769,52.6850352703007,53.6812881522207,54.6692127246703,55.6332610142947,56.5700035641629,57.480840395812
EAR,V2,Early-demographic dividend,41.9990646900343,42.3776364699449,42.757945159258,43.1423801618747,43.530688294913,43.9286535245682,44.3265075864717,44.7258982471673,45.1301561610856,45.540805428283,45.9592079871492
EAS,Z4,East Asia & Pacific,51.9453370756629,52.8768838718474,53.7740126759985,54.6636482285642,55.5524457353054,56.4385396215146,57.3213209693958,58.1956105361539,59.0524098605746,59.8871499713248,60.6950244969031
ECA,7E,Europe & Central Asia (excluding high income),65.6767666438194,65.8396696163298,65.9943006849268,66.1488963168668,66.3064697086923,66.470214779618,66.6403015808729,66.815812375059,66.996413497717,67.1795890100098,67.3654398572274
ECS,Z7,Europe & Central Asia,70.7709968834977,70.9468823531994,71.1215489069106,71.2937064186079,71.4655261033525,71.6445337221389,71.8287609665142,72.0171602534644,72.21138196506,72.4116822138098,72.614776748695
ECU,EC,Ecuador,62.69,62.851,62.988,63.125,63.261,63.398,63.534,63.67,63.821,63.986,64.166
EGY,EG,"Egypt, Arab Rep.",43.019,43.0,42.946,42.893,42.839,42.785,42.732,42.705,42.704,42.73,42.783
EMU,XC,Euro area,75.281698049646,75.5090228665222,75.7236935103864,75.929121638797,76.1280994679572,76.3392616124018,76.5529692249178,76.7704471562476,76.9930860453837,77.2311668454943,77.461870037383
ERI,ER,Eritrea,35.175,35.771,,,,,,,,,
ESP,ES,Spain,78.442,78.673,78.902,79.133,79.366,79.602,79.84,80.08,80.321,80.565,80.81
EST,EE,Estonia,68.094,67.965,67.974,68.122,68.269,68.416,68.563,68.717,68.88,69.051,69.229
ETH,ET,Ethiopia,17.319,17.735,18.16,18.575,18.998,19.428,19.866,20.31,20.763,21.225,21.695
EUU,EU,European Union,72.9723261514084,73.1680577319247,73.356888238534,73.5394058330158,73.7178485782486,73.9081840731671,74.1050733249802,74.3075095447834,74.5166970796689,74.7373263738728,74.9565011459504
FCS,F1,Fragile and conflict affected situations,38.575560243429,38.9688853178748,39.354251941729,39.7428667624187,40.1305443211717,40.5502695414019,40.9583604887699,41.3602956327336,41.768238478671,42.193552057877,42.6435774684459
FIN,FI,Finland,83.77,84.313,84.841,85.125,85.175,85.225,85.275,85.325,85.382,85.446,85.517
FJI,FJ,Fiji,52.171,52.683,53.196,53.706,54.216,54.726,55.235,55.742,56.248,56.75,57.247
FRA,FR,France,78.369,78.622,78.878,79.135,79.394,79.655,79.917,80.18,80.444,80.709,80.975
FRO,FO,Faroe Islands,40.926,41.088,41.225,41.363,41.501,41.638,41.777,41.914,42.064,42.225,42.398
FSM,FM,"Micronesia, Fed. Sts.",22.298,22.305,22.324,22.355,22.399,22.456,22.526,22.608,22.703,22.812,22.933
GAB,GA,Gabon,85.533,86.092,86.634,87.156,87.651,88.118,88.559,88.976,89.37,89.741,90.092
GBR,GB,United Kingdom,81.302,81.57,81.837,82.102,82.365,82.626,82.886,83.143,83.398,83.652,83.903
GEO,GE,Georgia,55.535,55.919,56.303,56.685,57.067,57.448,57.837,58.231,58.632,59.039,59.453
GHA,GH,Ghana,50.713,51.394,52.073,52.748,53.419,54.086,54.749,55.407,56.06,56.707,57.349
GIB,GI,Gibraltar,100.0,100.0,100.0,100.0,100.0,100.0,100.0,100.0,100.0,100.0,100.0
GIN,GN,Guinea,33.678,33.966,34.255,34.545,34.836,35.141,35.46,35.793,36.14,36.5,36.875
GMB,GM,"Gambia, The",55.662,56.384,57.105,57.82,58.528,59.228,59.918,60.599,61.27,61.931,62.582
GNB,GW,Guinea-Bissau,40.111,40.508,40.908,41.31,41.715,42.123,42.533,42.945,43.36,43.777,44.196
GNQ,GQ,Equatorial Guinea,65.94,67.488,69.0,69.544,70.083,70.616,71.138,71.646,72.143,72.627,73.1
GRC,GR,Greece,76.292,76.649,77.004,77.355,77.702,78.046,78.387,78.724,79.058,79.388,79.715
GRD,GD,Grenada,35.865,35.859,35.869,35.896,35.938,35.997,36.072,36.164,36.272,36.396,36.537
GRL,GL,Greenland,84.383,84.755,85.2,85.551,85.813,86.071,86.326,86.574,86.816,87.052,87.282
GTM,GT,Guatemala,48.403,48.701,49.0,49.311,49.634,49.971,50.319,50.68,51.054,51.439,51.836
GUM,GU,Guam,94.099,94.188,94.277,94.364,94.449,94.534,94.617,94.699,94.78,94.859,94.938
GUY,GY,Guyana,26.634,26.4,26.4,26.4,26.414,26.441,26.482,26.538,26.606,26.689,26.786
HKG,HK,"Hong Kong SAR, China",100.0,100.0,100.0,100.0,100.0,100.0,100.0,100.0,100.0,100.0,100.0
HND,HN,Honduras,51.885,52.543,53.202,53.858,54.514,55.165,55.813,56.457,57.096,57.73,58.359
HPC,XE,Heavily indebted poor countries (HIPC),32.4706976826859,32.9153288880366,33.3419343693167,33.7688480993053,34.2013003651206,34.6414690735518,35.0890624602318,35.5443469176559,36.0084011743596,36.4812809667456,36.9630236104351
HRV,HR,Croatia,55.155,55.322,55.506,55.706,55.923,56.155,56.403,56.667,56.947,57.242,57.553
HTI,HT,Haiti,47.509,48.492,49.477,50.46,51.444,52.427,53.396,54.346,55.278,56.192,57.088
HUN,HU,Hungary,68.911,69.358,69.678,69.953,70.227,70.5,70.779,71.062,71.351,71.644,71.942
IBD,XF,IBRD only,50.0332875254705,50.6653731553595,51.2907075213207,51.915593760132,52.5409450116496,53.1640273026906,53.7857179032129,54.4051264202081,55.0153441876083,55.6161230641927,56.2077003465471
IBT,ZT,IDA & IBRD total,46.0947625048141,46.6446006412104,47.1849276321216,47.7244950625398,48.2646055489107,48.808109410244,49.3503517736927,49.8905807320792,50.4233019564925,50.9486583248073,51.4677108538871
IDA,XG,IDA total,33.307679863971,33.7585665142726,34.1897977747204,34.6229761359488,35.0635294721407,35.5329816817417,36.0082325114557,36.4889962116814,36.9790439360913,37.478980011466,37.988877493181
IDB,XH,IDA blend,38.5391528616635,39.0164144223669,39.4676311475505,39.9205352821638,40.3767421605375,40.8358347670133,41.2962516001156,41.7578028357805,42.228232593834,42.7071818889277,43.194213462972
IDN,ID,Indonesia,49.914,50.595,51.276,51.955,52.635,53.313,53.989,54.659,55.325,55.985,56.641
IDX,XI,IDA only,30.6787488516094,31.1106010657489,31.5276427978713,31.9466458470711,32.3753834607134,32.8469874701743,33.3276178845916,33.8169334855983,34.3165851494979,34.8275511218707,35.3502506753276
IMN,IM,Isle of Man,51.994,52.012,52.046,52.096,52.162,52.245,52.343,52.458,52.588,52.735,52.898
IND,IN,India,30.93,31.276,31.634,32.003,32.384,32.777,33.182,33.6,34.03,34.472,34.926
IRL,IE,Ireland,61.542,61.742,61.942,62.141,62.34,62.538,62.737,62.947,63.17,63.405,63.653
IRN,IR,"Iran, Islamic Rep.",70.626,71.2,71.755,72.295,72.83,73.358,73.88,74.394,74.898,75.391,75.874
IRQ,IQ,Iraq,69.103,69.268,69.432,69.595,69.758,69.921,70.094,70.278,70.473,70.678,70.893
ISL,IS,Iceland,93.574,93.587,93.6,93.633,93.667,93.7,93.735,93.773,93.813,93.855,93.898
ISR,IL,Israel,91.826,91.892,91.96,92.031,92.104,92.179,92.256,92.336,92.418,92.501,92.587
ITA,IT,Italy,68.327,68.444,68.684,68.979,69.272,69.565,69.855,70.144,70.438,70.736,71.039
JAM,JM,Jamaica,53.743,53.93,54.132,54.35,54.584,54.833,55.098,55.378,55.674,55.985,56.311
JOR,JO,Jordan,86.088,87.172,88.185,89.125,90.0,90.256,90.506,90.747,90.979,91.203,91.418
JPN,JP,Japan,90.812,91.069,91.148,91.226,91.304,91.381,91.457,91.535,91.616,91.698,91.782
KAZ,KZ,Kazakhstan,56.827,56.9,56.973,57.046,57.118,57.191,57.264,57.336,57.428,57.54,57.671
KEN,KE,Kenya,23.571,23.969,24.376,24.794,25.221,25.658,26.105,26.562,27.03,27.507,27.995
KGZ,KG,Kyrgyz Republic,35.306,35.352,35.423,35.517,35.635,35.777,35.944,36.135,36.351,36.591,36.856
KHM,KH,Cambodia,20.294,20.663,21.037,21.415,21.799,22.188,22.582,22.98,23.388,23.805,24.232
KIR,KI,Kiribati,47.39,48.235,49.082,49.927,50.773,51.619,52.45,53.262,54.057,54.835,55.594
KNA,KN,St. Kitts and Nevis,31.322,31.182,31.062,30.964,30.885,30.827,30.79,30.773,30.776,30.799,30.843
KOR,KR,"Korea, Rep.",81.936,81.923,81.851,81.779,81.707,81.634,81.562,81.503,81.459,81.43,81.414
KWT,KW,Kuwait,100.0,100.0,100.0,100.0,100.0,100.0,100.0,100.0,100.0,100.0,100.0
LAC,XJ,Latin America & Caribbean (excluding high income),77.6538716214908,77.9594856375163,78.2597690921182,78.5538835019349,78.8445964548255,79.1317768893774,79.4148222446978,79.6939737669984,79.9697942759895,80.2432925045046,80.5144457701328
LAO,LA,Lao PDR,30.064,30.66,31.264,31.872,32.487,33.108,33.736,34.368,35.004,35.645,36.29
LBN,LB,Lebanon,87.334,87.484,87.636,87.79,87.947,88.106,88.266,88.429,88.593,88.758,88.925
LBR,LR,Liberia,47.813,48.193,48.583,48.985,49.397,49.82,50.254,50.697,51.151,51.615,52.089
LBY,LY,Libya,78.052,78.277,78.512,78.756,79.009,79.27,79.54,79.817,80.102,80.393,80.691
LCA,LC,St. Lucia,18.45,18.45,18.45,18.461,18.482,18.515,18.558,18.612,18.678,18.754,18.841
LCN,ZJ,Latin America & Caribbean,78.545693662852,78.8251638282323,79.0995239618686,79.3674574469158,79.6300603684875,79.8869109812213,80.1374393288353,80.3828961648737,80.6249912566537,80.8705575314776,81.1180900692708
LDC,XL,Least developed countries: UN classification,29.4653152188535,29.9767797460746,30.477682333076,30.9807513436239,31.4887127657359,32.0012691771684,32.5184850013261,33.0404618759473,33.5679658053133,34.1013504876956,34.6407348362421
LIE,LI,Liechtenstein,14.464,14.41,14.367,14.334,14.313,14.303,14.303,14.315,14.338,14.371,14.416
LKA,LK,Sri Lanka,18.226,18.211,18.196,18.198,18.218,18.256,18.311,18.384,18.476,18.585,18.713
LMY,XO,Low & middle income,45.7695822497817,46.3263044621403,46.8734834608189,47.4201827879229,47.9682661308298,48.5208933977417,49.0733858188727,49.6245524958591,50.168112649354,50.7030887057976,51.2299378028054
LSO,LS,Lesotho,24.798,25.31,25.704,26.101,26.502,26.908,27.317,27.73,28.153,28.585,29.028
LTE,V3,Late-demographic dividend,55.3073775603597,56.2379074322106,57.1447631698176,58.0426746055128,58.9372018521088,59.8281078134308,60.7148516809681,61.5931958633125,62.4523682211919,63.2931496915898,64.1097903624903
LTU,LT,Lithuania,66.757,66.741,66.864,66.986,67.108,67.23,67.366,67.516,67.679,67.855,68.046
LUX,LU,Luxembourg,88.547,88.906,89.249,89.574,89.884,90.179,90.46,90.727,90.981,91.223,91.453
LVA,LV,Latvia,67.841,67.869,67.897,67.925,67.952,67.98,68.021,68.075,68.142,68.222,68.315
MAC,MO,"Macao SAR, China",100.0,100.0,100.0,100.0,100.0,100.0,100.0,100.0,100.0,100.0,100.0
MAF,MF,St. Martin (French part),,,,,,,,,,,
MAR,MA,Morocco,58.018,58.581,59.142,59.7,60.256,60.809,61.36,61.908,62.453,62.994,63.532
MCO,MC,Monaco,100.0,100.0,100.0,100.0,100.0,100.0,100.0,100.0,100.0,100.0,100.0
MDA,MD,Moldova,42.62,42.589,42.558,42.527,42.496,42.49,42.511,42.557,42.629,42.726,42.849
MDG,MG,Madagascar,31.938,32.58,33.227,33.878,34.534,35.193,35.856,36.522,37.191,37.861,38.534
MDV,MV,Maldives,36.434,36.849,37.267,37.685,38.106,38.529,38.954,39.38,39.808,40.238,40.669
MEA,ZQ,Middle East & North Africa,62.6566219963199,63.0019834611492,63.340248808382,63.6742762941818,64.0000455246673,64.3709008546207,64.7196042662877,65.0527264346094,65.3722058478715,65.6787446510615,65.9741365430288
MEX,MX,Mexico,77.815,78.111,78.405,78.699,78.993,79.285,79.577,79.867,80.156,80.444,80.731
MHL,MH,Marshall Islands,73.568,74.038,74.498,74.946,75.384,75.811,76.228,76.634,77.031,77.417,77.794
MIC,XP,Middle income,47.3143694570843,47.9221868347612,48.5227100763781,49.1228627961111,49.723797872473,50.3232596892906,50.9219516844884,51.5186265137215,52.1067325070674,52.6851071291785,53.2540087652637
MKD,MK,North Macedonia,57.089,57.092,57.125,57.189,57.284,57.408,57.563,57.748,57.963,58.208,58.482
MLI,ML,Mali,35.999,36.799,37.599,38.398,39.196,39.991,40.783,41.572,42.356,43.136,43.909
MLT,MT,Malta,94.072,94.141,94.211,94.279,94.347,94.414,94.48,94.546,94.612,94.678,94.744
MMR,MM,Myanmar,28.885,29.075,29.266,29.457,29.65,29.858,30.082,30.322,30.579,30.852,31.141
MNA,XQ,Middle East & North Africa (excluding high income),59.050954739784,59.342410272166,59.6374106288218,59.9401022516086,60.241577522413,60.6016311045816,60.9418871269557,61.2710150776023,61.5912462323821,61.903399869277,62.2098285066013
MNE,ME,Montenegro,64.14,64.472,64.804,65.137,65.471,65.806,66.141,66.477,66.813,67.15,67.488
MNG,MN,Mongolia,67.567,67.963,68.03,68.097,68.163,68.23,68.297,68.363,68.445,68.543,68.657
MNP,MP,Northern Mariana Islands,90.949,91.028,91.108,91.19,91.273,91.357,91.443,91.53,91.618,91.708,91.798
MOZ,MZ,Mozambique,31.83,32.336,32.846,33.36,33.878,34.4,34.926,35.455,35.988,36.528,37.074
MRT,MR,Mauritania,46.588,47.493,48.4,49.306,50.203,51.089,51.962,52.824,53.672,54.507,55.327
MUS,MU,Mauritius,41.555,41.444,41.332,41.222,41.111,41.0,40.91,40.841,40.793,40.766,40.76
MWI,MW,Malawi,15.544,15.672,15.812,15.966,16.132,16.313,16.506,16.714,16.937,17.174,17.427
MYS,MY,Malaysia,70.912,71.609,72.275,72.93,73.577,74.213,74.84,75.447,76.036,76.607,77.16
NAC,XU,North America,80.7919856371466,80.9626420370896,81.1243012236089,81.2903741868684,81.459871950822,81.6330936928194,81.8087700069008,81.989639701161,82.1730642609769,82.3617079816715,82.5530665548055
NAM,NA,Namibia,41.616,42.637,43.693,44.756,45.826,46.9,47.961,49.005,50.032,51.042,52.033
NCL,NC,New Caledonia,67.102,67.565,68.024,68.479,68.931,69.379,69.821,70.256,70.683,71.104,71.518
NER,NE,Niger,16.221,16.216,16.212,16.208,16.219,16.247,16.29,16.35,16.425,16.517,16.626
NGA,NG,Nigeria,43.48,44.366,45.246,46.118,46.982,47.838,48.683,49.519,50.344,51.157,51.958
NIC,NI,Nicaragua,56.917,57.113,57.309,57.505,57.7,57.895,58.09,58.299,58.522,58.76,59.012
NLD,NL,Netherlands,87.134,87.879,88.588,89.187,89.69,90.173,90.635,91.077,91.49,91.876,92.236
NOR,NO,Norway,79.102,79.455,79.874,80.286,80.692,81.091,81.485,81.871,82.248,82.616,82.974
NPL,NP,Nepal,16.768,17.108,17.458,17.815,18.182,18.557,18.942,19.336,19.74,20.153,20.576
NRU,NR,Nauru,100.0,100.0,100.0,100.0,100.0,100.0,100.0,100.0,100.0,100.0,100.0
NZL,NZ,New Zealand,86.16,86.1,86.161,86.221,86.281,86.341,86.4,86.466,86.538,86.615,86.699
OED,OE,OECD members,78.9865825881438,79.2116552636524,79.4075483841253,79.6005169160655,79.7928486168573,79.989445595505,80.1882793803038,80.3901854906967,80.5946469613178,80.8064657265356,81.01559004659
OMN,OM,Oman,75.161,76.183,77.564,78.882,80.145,81.35,82.5,83.56,84.539,85.443,86.276
OSS,S4,Other small states,57.4766566114015,58.2467394024647,58.9123000992423,59.497379818464,60.0547701007099,60.595385597508,61.1179415692493,61.6244248601129,62.1181903537622,62.5972392002502,63.0624654450756
PAK,PK,Pakistan,34.997,35.202,35.408,35.613,35.819,36.026,36.234,36.442,36.666,36.907,37.165
PAN,PA,Panama,65.14,65.437,65.741,66.052,66.371,66.696,67.027,67.365,67.709,68.059,68.414
PER,PE,Peru,76.43,76.617,76.804,76.989,77.173,77.357,77.539,77.72,77.907,78.099,78.297
PHL,PH,Philippines,45.332,45.522,45.712,45.903,46.093,46.284,46.475,46.682,46.907,47.149,47.408
PLW,PW,Palau,74.817,75.511,76.194,76.862,77.517,78.159,78.775,79.365,79.93,80.47,80.988
PNG,PG,Papua New Guinea,13.019,13.0,12.982,12.978,12.988,13.012,13.05,13.102,13.169,13.25,13.345
POL,PL,Poland,60.892,60.78,60.654,60.529,60.403,60.278,60.178,60.105,60.058,60.037,60.043
PRE,V1,Pre-demographic dividend,36.8724271691792,37.422174900995,37.9619946628962,38.5052126115133,39.0497448982805,39.5938909046426,40.1368250898924,40.6807801717708,41.2269010248399,41.7764538297004,42.3304784703917
PRI,PR,Puerto Rico,93.825,93.773,93.726,93.686,93.651,93.624,93.602,93.587,93.578,93.576,93.581
PRK,KP,"Korea, Dem. People's Rep.",60.377,60.557,60.738,60.918,61.098,61.277,61.471,61.678,61.899,62.134,62.381
PRT,PT,Portugal,60.567,61.167,61.763,62.352,62.936,63.514,64.086,64.652,65.211,65.764,66.31
PRY,PY,Paraguay,59.261,59.584,59.907,60.197,60.474,60.75,61.026,61.3,61.585,61.879,62.183
PSE,PS,West Bank and Gaza,74.149,74.381,74.619,74.863,75.113,75.368,75.628,75.894,76.164,76.44,76.719
PSS,S2,Pacific island small states,36.8584827368053,37.108095858789,37.3348040662925,37.5467480324119,37.7607964638714,37.986049868753,38.2238780254713,38.4719570528898,38.7309150918652,38.9939896371331,39.2578875204729
PST,V4,Post-demographic dividend,79.8551062252813,80.0639813067172,80.2373387829583,80.4049540747021,80.5730743693386,80.7460503936049,80.9206838973627,81.0987591190016,81.2801668749662,81.4714152214052,81.6563408983992
PYF,PF,French Polynesia,60.317,60.889,61.459,61.583,61.633,61.683,61.734,61.784,61.834,61.897,61.975
QAT,QA,Qatar,98.501,98.602,98.697,98.785,98.868,98.945,99.015,99.078,99.135,99.188,99.235
ROU,RO,Romania,53.829,53.96,53.974,53.937,53.9,53.887,53.9,53.936,53.998,54.084,54.194
RUS,RU,Russian Federation,73.687,73.732,73.791,73.863,73.95,74.05,74.164,74.292,74.433,74.587,74.754
RWA,RW,Rwanda,16.934,16.938,16.943,16.947,16.967,17.004,17.056,17.125,17.211,17.313,17.432
SAS,8S,South Asia,30.8173672554446,31.1838932849568,31.5607093837822,31.9444485923887,32.3368479308894,32.7375612918289,33.1463212306561,33.5641289593821,33.9923519914099,34.4318973424611,34.8822931298263
SAU,SA,Saudi Arabia,82.084,82.302,82.52,82.74,82.96,83.18,83.401,83.622,83.844,84.065,84.287
SDN,SD,Sudan,33.089,33.207,33.346,33.507,33.689,33.894,34.121,34.37,34.642,34.936,35.253
SEN,SN,Senegal,43.773,44.188,44.603,45.019,45.436,45.862,46.296,46.74,47.192,47.653,48.122
SGP,SG,Singapore,100.0,100.0,100.0,100.0,100.0,100.0,100.0,100.0,100.0,100.0,100.0
SLB,SB,Solomon Islands,20.048,20.508,20.97,21.433,21.896,22.36,22.823,23.286,23.749,24.21,24.67
SLE,SL,Sierra Leone,38.856,39.248,39.642,40.036,40.432,40.829,41.228,41.636,42.055,42.484,42.923
SLV,SV,El Salvador,65.452,66.325,67.187,68.036,68.874,69.7,70.501,71.275,72.023,72.746,73.444
SMR,SM,San Marino,95.74,95.961,96.171,96.37,96.559,96.739,96.91,97.072,97.226,97.368,97.499
SOM,SO,Somalia,39.31,41.0,41.558,42.117,42.679,43.245,43.816,44.391,44.971,45.554,46.141
SRB,RS,Serbia,54.993,55.215,55.356,55.469,55.583,55.696,55.81,55.942,56.092,56.26,56.446
SSA,ZF,Sub-Saharan Africa (excluding high income),35.996591747836,36.5221601373406,37.0355493833466,37.5494365680263,38.0674639792151,38.5894961901823,39.1147062847299,39.6433422532013,40.1756037415302,40.7113315994252,41.2507300248977
SSD,SS,South Sudan,17.86,18.032,18.217,18.415,18.626,18.852,19.092,19.346,19.615,19.899,20.199
SSF,ZG,Sub-Saharan Africa,35.9983829028347,36.5238440332946,37.0371932383099,37.5510568759617,38.0690575538266,38.5910737752434,39.1162540614806,39.644858862013,40.177085735276,40.7127786270592,41.2521423477946
SST,S1,Small states,54.7873131904869,55.4038029592778,55.9502008200991,56.4386202477449,56.9104114963435,57.3748906573575,57.8307513740486,58.2793380775549,58.7226144139355,59.1572836654335,59.5830710084345
STP,ST,Sao Tome and Principe,64.952,66.064,67.16,68.208,69.213,70.174,71.092,71.968,72.803,73.598,74.354
SUR,SR,Suriname,66.344,66.276,66.208,66.14,66.089,66.056,66.04,66.041,66.06,66.095,66.149
SVK,SK,Slovak Republic,54.685,54.42,54.28,54.14,54.0,53.889,53.806,53.751,53.726,53.729,53.76
SVN,SI,Slovenia,52.658,52.883,53.108,53.332,53.557,53.781,54.02,54.273,54.541,54.822,55.118
SWE,SE,Sweden,85.056,85.297,85.62,85.936,86.247,86.553,86.852,87.146,87.431,87.708,87.977
SWZ,SZ,Eswatini,22.48,22.7,22.849,22.999,23.149,23.3,23.459,23.625,23.799,23.981,24.171
SXM,SX,Sint Maarten (Dutch part),100.0,100.0,100.0,100.0,100.0,100.0,100.0,100.0,100.0,100.0,100.0
SYC,SC,Seychelles,53.336,53.72,54.12,54.537,54.969,55.4,55.831,56.261,56.691,57.119,57.546
SYR,SY,Syrian Arab Republic,55.6,54.58,53.555,52.529,51.5,52.168,52.835,53.5,54.162,54.821,55.475
TCA,TC,Turks and Caicos Islands,90.228,90.668,91.09,91.483,91.851,92.195,92.517,92.817,93.098,93.36,93.605
TCD,TD,Chad,21.985,22.054,22.142,22.248,22.372,22.515,22.677,22.858,23.059,23.279,23.52
TEA,T4,East Asia & Pacific (IDA & IBRD countries),47.4581710692733,48.5107757136616,49.5351138402218,50.5524842029215,51.5670288875023,52.5770529823031,53.5836056492911,54.5815243525554,55.5549922537758,56.5005639092479,57.4197244466078
TEC,T7,Europe & Central Asia (IDA & IBRD countries),65.1587594227109,65.3007070354371,65.4345307232695,65.5693309894833,65.7073455638721,65.8518507603199,66.004224938031,66.1640106149933,66.3302566347505,66.500790001493,66.6757012530986
TGO,TG,Togo,37.533,38.032,38.546,39.061,39.579,40.1,40.628,41.162,41.702,42.248,42.8
THA,TH,Thailand,43.856,44.698,45.445,46.193,46.943,47.694,48.448,49.2,49.949,50.692,51.43
TJK,TJ,Tajikistan,26.52,26.521,26.545,26.589,26.655,26.742,26.851,26.982,27.134,27.309,27.506
TKM,TM,Turkmenistan,48.491,48.825,49.175,49.541,49.921,50.317,50.728,51.153,51.593,52.048,52.516
TLA,T2,Latin America & the Caribbean (IDA & IBRD countries),78.5031591292819,78.790615516409,79.072554865034,79.3484247859629,79.6192160451009,79.8838585219983,80.1418610249729,80.3944862601426,80.6442326794344,80.8943487326243,81.1461034090423
TLS,TL,Timor-Leste,27.732,28.079,28.428,28.779,29.133,29.49,29.85,30.212,30.578,30.947,31.32
TMN,T3,Middle East & North Africa (IDA & IBRD countries),58.877200710604,59.1680615411741,59.4625617336048,59.7648894153649,60.0659848388418,60.4263383720549,60.7666183992078,61.0959635981215,61.4152773389338,61.7263899498926,62.0317464319283
TON,TO,Tonga,23.389,23.443,23.435,23.382,23.328,23.275,23.222,23.169,23.131,23.107,23.099
TSA,T5,South Asia (IDA & IBRD),30.8173672554446,31.1838932849568,31.5607093837822,31.9444485923887,32.3368479308894,32.7375612918289,33.1463212306561,33.5641289593821,33.9923519914099,34.4318973424611,34.8822931298263
TSS,T6,Sub-Saharan Africa (IDA & IBRD countries),35.9983829028347,36.5238440332946,37.0371932383099,37.5510568759617,38.0690575538266,38.5910737752434,39.1162540614806,39.644858862013,40.177085735276,40.7127786270592,41.2521423477946
TTO,TT,Trinidad and Tobago,54.025,53.836,53.671,53.53,53.413,53.319,53.25,53.205,53.184,53.187,53.214
TUN,TN,Tunisia,66.657,66.938,67.218,67.495,67.772,68.056,68.346,68.642,68.945,69.254,69.568
TUR,TR,Turkey,70.825,71.402,71.974,72.531,73.077,73.611,74.134,74.644,75.143,75.63,76.105
TUV,TV,Tuvalu,54.796,55.807,56.815,57.814,58.786,59.73,60.645,61.53,62.387,63.215,64.014
TZA,TZ,Tanzania,28.114,28.798,29.493,30.196,30.904,31.617,32.333,33.053,33.776,34.5,35.227
UGA,UG,Uganda,19.383,19.898,20.424,20.958,21.504,22.06,22.624,23.196,23.774,24.361,24.954
UKR,UA,Ukraine,68.596,68.689,68.782,68.875,68.968,69.061,69.154,69.246,69.352,69.473,69.608
URY,UY,Uruguay,94.414,94.612,94.739,94.843,94.945,95.045,95.144,95.24,95.334,95.426,95.515
USA,US,United States,80.772,80.944,81.119,81.299,81.483,81.671,81.862,82.058,82.256,82.459,82.664
UZB,UZ,Uzbekistan,50.956,51.15,51.05,50.95,50.85,50.75,50.65,50.55,50.478,50.433,50.416
VCT,VC,St. Vincent and the Grenadines,48.961,49.356,49.754,50.154,50.558,50.964,51.373,51.784,52.198,52.614,53.032
VEN,VE,"Venezuela, RB",88.083,88.108,88.123,88.133,88.144,88.154,88.165,88.183,88.208,88.24,88.279
VGB,VG,British Virgin Islands,44.814,45.154,45.502,45.856,46.216,46.583,46.957,47.337,47.723,48.116,48.515
VIR,VI,Virgin Islands (U.S.),94.594,94.761,94.919,95.07,95.213,95.35,95.48,95.603,95.721,95.832,95.939
VNM,VN,Vietnam,30.417,31.08,31.752,32.429,33.115,33.809,34.51,35.213,35.919,36.628,37.34
VUT,VU,Vanuatu,24.462,24.561,24.661,24.761,24.861,24.961,25.062,25.163,25.274,25.394,25.525
WLD,1W,World,51.6463019904521,52.1040627804828,52.5552466438571,53.0058435757164,53.4582864916776,53.9146799616315,54.3708331461515,54.8238312388057,55.2717100900205,55.7144326151077,56.15040059313
WSM,WS,Samoa,20.078,19.857,19.624,19.385,19.149,18.914,18.681,18.452,18.243,18.056,17.889
XKX,XK,Kosovo,,,,,,,,,,,
YEM,YE,"Yemen, Rep.",31.776,32.364,32.958,33.559,34.165,34.777,35.394,36.016,36.642,37.273,37.908
ZAF,ZA,South Africa,62.218,62.746,63.272,63.793,64.312,64.828,65.341,65.85,66.355,66.856,67.354
ZMB,ZM,Zambia,39.355,39.851,40.354,40.865,41.382,41.907,42.438,42.976,43.521,44.072,44.629
ZWE,ZW,Zimbabwe,33.196,33.015,32.834,32.654,32.504,32.385,32.296,32.237,32.209,32.21,32.242
